,Accuracy,Rank Disparity,Disparity,Ratio,Rank Ratio,Error Ratio
MO-ASHA_032_val,0.952843137254902,0.005882352590560913,0.026601307189542456,0.028313043478260802,0.012479186058044434,0.43999999999999995
NSGA-II_728_val,0.8952614379084968,0.1115686297416687,0.03222222222222226,0.036651550070626815,0.1758705973625183,0.2666306111411574
MO-ASHA_032_test,0.9347385620915033,0.3905882239341736,0.04856209150326796,0.05333811916726483,0.44814395904541016,0.5423357664233577
NSGA-II_728_test,0.8681045751633987,0.5990850329399109,0.08575163398692809,0.1039125613812768,0.49021291732788086,0.4906507105459985
SMAC_301_test,0.9633660130718955,0.23032679,0.0300871459694989,0.0317269247179557,0.3675537,0.5822145801694472
SMAC_301_val,0.9749891067538127,0.009716769,0.0094117647058823,0.009700015697607,0.027788779,0.3170783815945107
