Error_mean,Disparity_mean,Rank Disparity_mean,Ratio_mean,Rank Ratio_mean,Error Ratio_mean,Model name,Error_std,Disparity_std,Rank Disparity_std,Ratio_std,Rank Ratio_std,Error Ratio_std
0.1969617600838135,0.09036144578313254,4.63377422734416,0.12055552960906907,0.24523425715647698,0.36712174933200653,densenet,0.022165817892209345,0.02834238167118007,5.171622174247039,0.042090981474609206,0.2593613446231715,0.07273234046558318
0.047701676270298615,0.0423651126244107,4.174960712414878,0.04550828229995252,0.7075283433822618,0.614986594676897,dpn107_CosFace_SGD,0.0027389351127293272,0.002598354494400781,0.19214942232386345,0.002968449116352341,0.026228250728919218,0.011560683915255153
0.12524554740701938,0.08266762702985858,2.5776911995809324,0.09957123481651153,0.4887400852547145,0.4957156911881677,dpn107_MagFace_SGD,0.01708055302302517,0.012528925719578289,0.13357314052072436,0.0181997025282924,0.09624739573332809,0.009808808703379043
0.09335712414876896,0.0665597171293871,3.2356600314300685,0.07621000850597243,0.7309073390349752,0.5257106717885868,rexnet_200,0.0022760536065197425,0.002353310923350751,0.0745877636528857,0.0026608571650968737,0.020975074243566753,0.021397034754584043
0.8337480356207438,0.04832372970141435,13.908754583551609,0.4513035481941871,0.09738838087125432,0.05499833859984937,ese_vovnet39b,0.02733858499179353,0.04199696725014317,15.55927006711979,0.5653830077911015,0.08389227918308609,0.044691609075570286
0.6766468046097434,0.11029989523310635,11.334664745940282,0.41057290687368253,0.1848572402632603,0.15091601241225644,mobilenetv3_large_100,0.017052248119439367,0.014389317047585564,3.240717261463183,0.04128644977710893,0.03805553323346616,0.021623335827995634
0.03141369827134627,0.022164745940282893,3.407706914614981,0.02314863437841469,0.7070626598993756,0.5215284484248406,model_000,0.00021634611927706863,0.0004943579384017418,0.29195071792380156,0.0005263247791303919,0.03283491229799687,0.006815189046302797
0.03920573598742799,0.02229570455735988,3.1829491880565746,0.023478254714786873,0.6768612770773071,0.4426863870866462,model_010,0.00022917757988473122,0.0010221206106136302,0.06691758948939286,0.0010866640387312907,0.017803568289390385,0.016719850230006206
0.031921162912519646,0.019512833944473562,3.8115178103719223,0.02036363551675391,0.7223240086289401,0.46767751092622145,model_680,0.0012162241763362274,0.0021224455703061414,0.18969581706794983,0.00224216031228648,0.013088368805518412,0.03967326834580195
