Error_mean,Disparity_mean,Rank Disparity_mean,Ratio_mean,Rank Ratio_mean,Error Ratio_mean,Model name,Error_std,Disparity_std,Rank Disparity_std,Ratio_std,Rank Ratio_std,Error Ratio_std
0.2086661864850707,0.1118059193294918,6.752651911995811,0.1545533682921212,0.3003738790095428,0.4147721027178541,densenet,0.0267620257019892,0.0369681392805982,6.079682411535388,0.0591358850235841,0.2159368894446488,0.0773152094228741
0.0494205081194342,0.0384690937663697,2.7778941854374013,0.0413148060051529,0.5016099032571459,0.5602147817523555,dpn107_CosFace_SGD,0.0030250094078824,0.0026330499296598,0.2012518522786397,0.0030006866422674,0.0354260725542771,0.0109269553413819
0.1383086694604505,0.0820128339444735,1.4358957569408066,0.1004743049858021,0.2443237655505775,0.4562208632368667,dpn107_MagFace_SGD,0.0203216223475763,0.0147781736750639,0.2744840650695703,0.0218948675214764,0.0664886516919551,0.0222592119402715
0.1015747773703509,0.0666251964379256,2.372871922472499,0.077012788388358,0.521505915478977,0.4939661857472305,rexnet_200,0.0014159033064832,0.0019168780995684,0.5046957911784414,0.0021895369232269,0.0690566276292202,0.0155147764433151
0.33743124672603453,0.0525798847564169,6.526093504452593,0.26052173584721205,0.39731169906881214,0.36469557555998333,ese_vovnet39b,0.07736679568679974,0.0429449095531735,1.9714252870942675,0.07948934156225887,0.02018029751133487,0.031759561924303334
0.28547341540073334,0.1285358826610791,5.523572551073861,0.20825217244110783,0.41824971258259813,0.3818268211054151,mobilenetv3_large_100,0.007153221121651728,0.0087055473308644,0.5933347195938706,0.010264303472223279,0.03141450556116615,0.012380723100959412
0.0323795180722892,0.0147328444211629,1.417659769512834,0.0153426444760762,0.344651287504412,0.3707673257004648,model_000,0.0007202723939235,0.000392875851231,0.2249111309037686,0.0004086101723501,0.0438934381974602,0.0122128187092212
0.0396477213200628,0.0185306443163959,1.4612035096909377,0.01948557739925,0.3591932502612773,0.378334928615457,model_010,0.0006815302512657,0.0020912414120837,0.1823769584456742,0.0022232561628164,0.0403574321943107,0.0339952240709823
0.0329688318491356,0.0159769512833944,1.845534311157674,0.0166595736415194,0.4165563398179056,0.3901142626846247,model_680,0.0009205996468029,0.0006677605439487,0.2008215130097635,0.0007051602248853,0.0492437224639225,0.0141091518007346
