Error_mean,Disparity_mean,Rank Disparity_mean,Ratio_mean,Rank Ratio_mean,Error Ratio_mean,Model name,Error_std,Disparity_std,Rank Disparity_std,Ratio_std,Rank Ratio_std,Error Ratio_std
0.2086661864850707,0.11180591932949188,6.752651911995811,0.15455336829212124,0.3003738790095428,0.4147721027178541,densenet,0.02676202570198922,0.03696813928059823,6.079682411535388,0.0591358850235841,0.21593688944464887,0.07731520942287413
0.04942050811943427,0.03846909376636978,2.7778941854374013,0.04131480600515297,0.5016099032571459,0.5602147817523555,dpn107_CosFace_SGD,0.0030250094078824565,0.0026330499296598783,0.2012518522786397,0.003000686642267467,0.035426072554277155,0.010926955341381918
0.1383086694604505,0.08201283394447359,1.4358957569408066,0.10047430498580218,0.24432376555057758,0.4562208632368667,dpn107_MagFace_SGD,0.020321622347576392,0.014778173675063984,0.2744840650695703,0.02189486752147649,0.06648865169195511,0.022259211940271504
0.10157477737035098,0.06662519643792561,2.372871922472499,0.07701278838835801,0.521505915478977,0.4939661857472305,rexnet_200,0.001415903306483233,0.0019168780995684179,0.5046957911784414,0.0021895369232269686,0.06905662762922023,0.015514776443315191
0.831685437401781,0.05257988475641698,16.743124672603457,0.4844843239728691,0.12350392694211121,0.059889996799697476,ese_vovnet39b,0.02458341844351655,0.042944909553173524,11.970434585417001,0.5794978903612024,0.06449932267267788,0.04563414804915398
0.6792496071241487,0.12853588266107913,13.405382399161866,0.5009794009223423,0.1967155975040379,0.17310386059022853,mobilenetv3_large_100,0.019188342407140672,0.008705547330864464,3.6625551487474897,0.007449016902477277,0.043325745848039984,0.015387663293109208
0.0323795180722892,0.014732844421162933,1.417659769512834,0.01534264447607625,0.344651287504412,0.3707673257004648,model_000,0.0007202723939235267,0.00039287585123102636,0.22491113090376863,0.0004086101723501658,0.04389343819746025,0.012212818709221217
0.03964772132006286,0.018530644316395978,1.4612035096909377,0.019485577399250054,0.3591932502612773,0.37833492861545703,model_010,0.0006815302512657656,0.00209124141208374,0.1823769584456742,0.002223256162816494,0.04035743219431078,0.03399522407098233
0.03296883184913568,0.01597695128339441,1.845534311157674,0.016659573641519432,0.41655633981790563,0.3901142626846247,model_680,0.0009205996468029721,0.0006677605439487737,0.20082151300976356,0.0007051602248853062,0.0492437224639225,0.014109151800734611
