Error_mean,Disparity_mean,Rank Disparity_mean,Ratio_mean,Rank Ratio_mean,Error Ratio_mean,Model name,Error_std,Disparity_std,Rank Disparity_std,Ratio_std,Rank Ratio_std,Error Ratio_std
0.1969617600838135,0.0903614457831325,4.63377422734416,0.120555529609069,0.2452342571564769,0.3671217493320065,densenet,0.0221658178922093,0.02834238167118,5.171622174247039,0.0420909814746092,0.2593613446231715,0.0727323404655831
0.0477016762702986,0.0423651126244107,4.174960712414878,0.0455082822999525,0.7075283433822618,0.614986594676897,dpn107_CosFace_SGD,0.0027389351127293,0.0025983544944007,0.1921494223238634,0.0029684491163523,0.0262282507289192,0.0115606839152551
0.1252455474070193,0.0826676270298585,2.5776911995809324,0.0995712348165115,0.4887400852547145,0.4957156911881677,dpn107_MagFace_SGD,0.0170805530230251,0.0125289257195782,0.1335731405207243,0.0181997025282924,0.096247395733328,0.009808808703379
0.0933571241487689,0.0665597171293871,3.2356600314300685,0.0762100085059724,0.7309073390349752,0.5257106717885868,rexnet_200,0.0022760536065197,0.0023533109233507,0.0745877636528857,0.0026608571650968,0.0209750742435667,0.021397034754584
0.2867775449624585,0.0483237297014143,6.306050288108959,0.1814775919181192,0.4729862550677965,0.3410823914959895,ese_vovnet39b,0.017448280245724264,0.0419969672501431,1.278844168066441,0.028840008347590155,0.041750773509837996,0.021738854123679596
0.2703149554740702,0.1102998952331063,5.679053169198533,0.1875295089362013,0.484645865097031,0.37560527450448883,mobilenetv3_large_100,0.009018789338729703,0.0143893170475855,0.8222577937790286,0.01601877754874978,0.047734294568002454,0.024263376412034257
0.0314136982713462,0.0221647459402828,3.407706914614981,0.0231486343784146,0.7070626598993756,0.5215284484248406,model_000,0.000216346119277,0.0004943579384017,0.2919507179238015,0.0005263247791303,0.0328349122979968,0.0068151890463027
0.0392057359874279,0.0222957045573598,3.1829491880565746,0.0234782547147868,0.6768612770773071,0.4426863870866462,model_010,0.0002291775798847,0.0010221206106136,0.0669175894893928,0.0010866640387312,0.0178035682893903,0.0167198502300062
0.0319211629125196,0.0195128339444735,3.8115178103719214,0.0203636355167539,0.7223240086289401,0.4676775109262214,model_680,0.0012162241763362,0.0021224455703061,0.1896958170679498,0.0022421603122864,0.0130883688055184,0.0396732683458019
